<?xml version="1.0" encoding="utf-8"?>
<XMLskinSettings>
  <Info>
    <Author>mgonzales71</Author>
    <WebSite>http://www.github.com/mgonzales71</WebSite>
    <SkinVersion>2.0</SkinVersion>
    <!-- Some icons courtesy of https://icons8.com/ free license. Thanks -->
  </Info>
  <OSD>
    <!--Orientation: BitMoveUp, BitMoveRight, BitStripBottom, BitStripRight, Horizontal, Vertical-->
    <!--LayerIndex: -1 - plNone, 0 - plAfterBack, 2 - plAfterMeter, 3 - plAfterText, 4 - plAfterDigits, 5 - plAfterGlass-->
    <DigitalMeterOrientation>BitStripBottom</DigitalMeterOrientation>
    <DigitalMeterHideZeroUnits>false</DigitalMeterHideZeroUnits>
    <DigitalMeterHideZeroTens>true</DigitalMeterHideZeroTens>
    <DigitalMeterHideZeroHundreds>true</DigitalMeterHideZeroHundreds>
    <DigitalMeterPositionHundreds>
      <X>304</X>
      <Y>46</Y>
    </DigitalMeterPositionHundreds>
    <DigitalMeterPositionTens>
      <X>316</X>
      <Y>46</Y>
    </DigitalMeterPositionTens>
    <DigitalMeterPositionUnits>
      <X>330</X>
      <Y>46</Y>
    </DigitalMeterPositionUnits>
    <DigitalMeterPositionTens1>
      <X>-1</X>
      <Y>-1</Y>
    </DigitalMeterPositionTens1>
    <DigitalMeterPositionUnits1>
      <X>-1</X>
      <Y>-1</Y>
    </DigitalMeterPositionUnits1>
    <DigitalMeterPositionUnits2>
      <X>-1</X>
      <Y>-1</Y>
    </DigitalMeterPositionUnits2>
    <FadeSteps>18</FadeSteps>
    <ShowSteps>36</ShowSteps>
    <Colorization>false</Colorization>
    <!--Value format: #AARRGGBB. -1 - Use system color-->
    <ColorizationColor>-1</ColorizationColor>
    <Background Colorize="false"/>
    <Meter X="63" Y="43" Orientation="BitMoveRight" Min="0" Max="228" HideOnMute="false" Colorize="false"/>
    <MeterMute X="0" Y="0" Orientation="" Min="0" Max="0" Colorize="true"/>
    <MeterEffect Enable="true" Orientation="BitStripBottom" Min="0" Max="3" LayerIndex="0" HideOnMute="true" X="16" Y="39" Colorize="false"/>
    <MeterMuteEffect Enable="true" LayerIndex="0" X="16" Y="38" Colorize="false"/>
  </OSD>
  <PeakMeter>
    <ShowPeakMeter>true</ShowPeakMeter>
    <MeterOrientation>horizontal</MeterOrientation>
    <MeterMax>100</MeterMax>
    <MeterStyle>mono</MeterStyle>
    <LayerIndex>0</LayerIndex>
    <MeterLeftInvert>false</MeterLeftInvert>
    <MeterRightInvert>false</MeterRightInvert>
    <MeterLeftPosition>
      <X>64</X>
      <Y>53</Y>
    </MeterLeftPosition>
    <MeterRightPosition>
      <X>0</X>
      <Y>0</Y>
    </MeterRightPosition>
  </PeakMeter>
  <Text>
    <ShowText>true</ShowText>
    <TextPosition>
      <X>10</X>
      <Y>23</Y>
    </TextPosition>
    <Size>16</Size>
    <!--Value format: #AARRGGBB-->
    <Color>#FF6F6F6F</Color>
    <Format>%D</Format>
    <!--Value format: #AARRGGBB-->
    <ColorMute>#FF6F6F6F</ColorMute>
    <FormatMute>%D</FormatMute>
    <!--Alignment: 0 - taLeft, 1 - taCenter, 2 - taRight-->
    <Alignment>0</Alignment>
    <FontName>Segoe UI</FontName>
    <FontBold>false</FontBold>
    <FontItalic>false</FontItalic>
    <HideTextOnMute>false</HideTextOnMute>
    <LayerIndex>-1</LayerIndex>
    <CDDriveLetter Enable="true" X="330" Y="42" FontName="Segoe UI" Size="24" Color="#FF6F6F6F" Bold="true" Italic="false" Alignment="1"/>
    <USBDriveLetter Enable="true" X="10" Y="42" FontName="Segoe UI" Size="24" Color="#FF6F6F6F" Bold="true" Italic="false" Alignment="0"/>
    <USBFriendlyName Enable="true" X="230" Y="15" FontName="Segoe UI" Size="14" Color="#FF7F7F7F" Bold="true" Italic="false" Alignment="1"/>
  </Text>
  <NotificationText>
    <Show>false</Show>
    <Position>
      <X>0</X>
      <Y>0</Y>
      <Width>0</Width>
      <Height>0</Height>
    </Position>
    <Size>0</Size>
    <!--Value format: #AARRGGBB-->
    <Color>#00000000</Color>
    <Alignment>0</Alignment>
    <FontName></FontName>
    <FontBold>false</FontBold>
    <FontItalic>false</FontItalic>
    <LayerIndex>0</LayerIndex>
  </NotificationText>
  <Layers/>
</XMLskinSettings>
